keyword,scope
Jammu and Kashmir,Jammu & Kashmir
Goa,Goa
Puducherry,Puducherry
Delhi,National Capital Territory of Delhi
Assam,Assam
Nagaland,Nagaland
Mizoram,Mizoram
Manipur,Manipur
Tripura,Tripura
Meghalaya,Meghalaya
Sikkim,Sikkim
Andhra Pradesh,Andhra Pradesh
Telangana,Telangana
Tamil Nadu,Tamil Nadu
Karnataka,Karnataka
Kerala,Kerala
Maharashtra,Maharashtra
Gujarat,Gujarat
Rajasthan,Rajasthan
Punjab,Punjab
Haryana,Haryana
Himachal Pradesh,Himachal Pradesh
Uttarakhand,Uttarakhand
Uttar Pradesh,Uttar Pradesh
Bihar,Bihar
Jharkhand,Jharkhand
West Bengal,West Bengal
Odisha,Odisha
Chhattisgarh,Chhattisgarh
Madhya Pradesh,Madhya Pradesh
Union Territories,Union Territories
Union Territory,Union Territory
National,National
All India,National
India,National
